feature,mean_abs_shap
max_repayment_delay,0.04763
PAY_0,0.0421
avg_repayment_delay,0.01929
credit_utilization,0.01866
LIMIT_BAL,0.01689
BILL_AMT1,0.0151
payment_to_bill_ratio,0.01025
PAY_AMT1,0.01003
PAY_AMT2,0.00915
PAY_AMT3,0.00862
BILL_AMT5,0.00851
avg_bill_amt,0.00685
BILL_AMT6,0.00656
avg_payment_amt,0.00637
PAY_2,0.00561
PAY_AMT6,0.00539
SEX,0.00492
MARRIAGE,0.00461
AGE,0.00438
PAY_AMT4,0.00434
PAY_AMT5,0.00411
BILL_AMT2,0.00381
BILL_AMT3,0.00357
BILL_AMT4,0.00355
PAY_3,0.00299
PAY_4,0.00265
PAY_6,0.00233
EDUCATION,0.00187
PAY_5,0.0015
