ID,LIMIT_BAL,SEX,EDUCATION,MARRIAGE,AGE,PAY_0,PAY_2,PAY_3,PAY_4,PAY_5,PAY_6,BILL_AMT1,BILL_AMT2,BILL_AMT3,BILL_AMT4,BILL_AMT5,BILL_AMT6,PAY_AMT1,PAY_AMT2,PAY_AMT3,PAY_AMT4,PAY_AMT5,PAY_AMT6,default
272,120000,1,1,1,34,-1,2,-1,0,0,0,1082,632,1350,900,450,0,0,1350,0,0,0,450,0
480,200000,1,1,2,31,-2,-2,-2,-2,-2,-2,0,0,0,0,0,0,0,0,0,0,0,0,0
812,700000,2,1,1,39,0,0,0,0,-2,-1,99259,102345,109636,326,2016,61707,5000,10000,326,2016,61707,17785,0
1068,240000,1,2,2,43,-1,-1,-1,-1,-1,-1,291,291,291,291,291,291,291,291,291,291,291,291,1
1238,60000,1,1,1,33,-1,-1,-1,-1,-1,-1,8308,7565,8373,7565,7565,7565,7565,8373,7565,7565,7565,7565,0
1240,80000,2,2,1,35,-1,-1,-1,-1,-1,0,2890,9796,13443,396,396,396,9796,13443,396,396,0,396,0
1651,500000,2,1,1,45,-1,-1,-1,-1,-1,-1,36954,-24704,22999,18339,-3876,15586,0,83000,0,0,20000,18000,0
1948,320000,1,1,1,33,0,0,0,0,0,0,325445,202853,57051,161651,182265,0,10000,15000,105000,55000,0,0,0
2324,90000,1,2,2,30,0,0,0,-2,-2,-2,46927,40000,0,0,0,0,4000,0,0,0,0,85000,0
2438,30000,1,2,2,24,2,0,0,0,2,2,25851,26912,27535,29175,28625,30383,1779,1402,2042,0,2192,0,1
3068,310000,2,1,1,33,-2,-2,-2,-2,-2,-2,115,894,0,0,0,0,894,0,0,0,0,0,1
3340,550000,1,1,1,49,-1,-1,-1,-1,-1,-2,42141,1515,1488,18334,-114,-114,1522,1495,18426,0,0,22670,1
3805,30000,1,2,2,25,0,0,0,0,-1,-1,29745,16309,5235,3122,11446,1914,2500,1517,2000,11446,1914,6699,1
3904,50000,1,2,2,30,0,0,2,0,0,-2,2496,4533,4279,4592,0,0,2254,0,313,0,0,0,0
4294,310000,2,2,2,26,0,0,0,0,0,0,87717,93707,83632,81133,75499,73540,9156,2782,4013,2688,2651,2652,0
4881,250000,2,1,2,43,0,0,0,0,0,0,93163,96024,90901,69927,71403,69948,4409,3023,2600,2700,2801,2500,0
5095,360000,1,1,2,26,0,-1,-1,0,-1,-1,11910,1356,4073,17812,2981,1936,1500,5000,15000,3000,2000,1033,0
5496,100000,2,1,2,36,0,0,2,0,0,2,10672,11025,5791,3623,5554,5309,2355,0,500,2000,0,1000,0
5739,20000,1,3,2,23,1,2,2,3,2,2,9126,8835,11088,10618,10304,11232,0,2400,0,0,1100,0,1
5977,50000,2,2,1,26,-1,-1,-1,-1,-1,-2,1902,782,0,4699,0,0,782,0,4699,0,0,0,0
6184,430000,2,2,2,27,-2,-2,-2,-2,-2,-2,263,263,4119,4390,20952,15562,1764,4120,535,20990,2506,500,1
6821,220000,2,2,1,32,-2,-2,-2,-2,-2,-1,183718,172250,175771,180794,184650,167856,6243,6376,7942,8270,170000,6002,1
6845,120000,2,1,2,29,0,0,0,0,0,0,110488,107488,97021,86283,87345,81666,4000,5000,3000,3300,3010,3000,0
6851,280000,1,1,2,33,0,0,0,0,0,0,281604,283292,281327,189287,185398,184414,10000,10059,5201,5211,5500,5500,0
6945,160000,2,2,1,50,-1,-1,-1,-1,-1,-1,1261,2261,1390,390,390,0,2261,1390,390,390,0,780,1
7217,80000,2,3,1,46,2,0,0,0,0,2,77490,80204,79650,81338,81438,80959,5000,4000,4003,13000,3515,0,1
7495,330000,1,1,2,32,0,0,0,0,0,0,162657,151305,138277,141453,112633,121242,5500,4723,5500,4000,10700,4500,0
7511,380000,2,3,2,31,-1,-1,-1,-1,-1,-1,3859,9194,15157,11147,12483,13680,9240,15233,11202,12493,13748,18061,0
9703,80000,2,2,1,35,0,0,0,0,0,0,9647,10390,10816,9746,9798,10401,1206,1131,322,490,1402,201,0
9879,170000,2,1,2,35,-1,-1,-1,-1,-1,0,897,861,3749,1487,1939,588,861,3761,1495,1939,0,10613,0
9898,200000,2,2,1,34,1,-1,-1,-1,0,0,2500,9814,0,4379,1699,0,9814,0,4379,0,0,0,1
11184,360000,1,2,1,47,0,-1,-1,-1,-1,-1,8289,389,389,389,389,389,390,390,390,390,390,375,0
11251,150000,2,2,1,25,0,0,0,0,0,0,147476,140352,110722,98874,65258,58027,6640,4100,4000,2675,2500,1500,1
11253,170000,1,2,2,42,0,0,0,0,0,0,102141,100600,103156,94090,95922,99324,4002,5107,3600,3500,5000,3000,0
11269,130000,2,1,2,26,-2,-2,-2,-2,-2,-1,0,0,0,402,0,2054,0,0,402,0,2054,0,0
11449,320000,1,2,1,32,0,0,0,0,0,0,43265,28007,24986,23844,20650,0,1528,3019,2022,2000,0,82600,0
11534,610000,2,1,2,36,-2,-2,-2,-2,-2,-2,874,-256,-255,-538,107592,168966,0,1,0,108130,30695,179,0
12086,420000,1,2,1,34,0,0,0,0,0,0,226007,226465,205276,206521,209775,194883,10000,9600,6700,7000,7042,7112,1
12100,260000,2,2,1,40,0,0,0,0,0,0,138602,135999,133752,135053,133888,132486,4870,6307,5007,5015,4773,4770,0
12227,480000,2,2,1,35,0,0,0,0,0,0,227221,243942,244961,248394,253596,211055,51000,10000,8000,8200,23000,8000,0
12319,20000,2,1,2,27,3,2,2,0,0,2,16732,17866,17276,17514,18462,18036,1700,0,800,1361,0,800,1
12455,210000,1,1,2,41,0,-1,-1,-2,-2,-2,62261,6615,0,0,0,0,6615,0,0,0,0,0,0
12469,80000,1,2,2,23,2,2,0,0,0,0,71528,69817,70719,39288,40500,41668,0,2131,2000,2000,2000,3000,0
12640,500000,1,1,1,41,0,0,0,0,0,0,505128,500867,489856,356583,289398,274590,19295,18694,12271,9699,9420,8818,0
12680,150000,2,1,1,35,0,0,0,0,0,0,38484,43489,48194,32264,25579,0,8000,5175,3000,10000,0,0,0
12953,40000,2,2,1,23,2,3,2,2,2,0,31772,30983,33168,33527,32854,33947,0,3000,1200,0,1641,1362,0
13138,310000,2,2,2,27,0,0,0,0,0,0,44834,35597,34161,38689,32710,24343,2015,2000,5034,1045,776,389,0
13260,360000,2,1,2,26,-2,-2,-2,-2,-2,-2,145,3526,8510,7831,8864,10845,3600,8510,4000,5000,5000,5398,1
13272,320000,2,2,2,33,-1,-1,-1,0,0,-1,7444,5755,34909,16313,9279,5824,5783,35069,4341,46,5849,48366,0
13530,90000,1,1,2,29,-1,-1,-1,0,-1,-1,140,0,280,140,133,2506,0,420,0,133,2513,910,0
13935,220000,1,3,1,42,-1,-1,-1,-1,-1,-1,285,825,0,1230,3227,3820,825,0,1230,3227,3820,3650,0
14122,200000,2,1,2,32,0,0,0,0,2,0,219146,212111,206307,204787,195475,191626,7950,7700,11800,4000,10000,10000,0
14406,100000,2,1,2,26,0,0,0,-1,-1,2,24459,26726,25669,881,57540,55038,3000,1016,2007,57500,2000,0,0
15326,240000,2,2,1,35,-2,-2,-2,-2,-2,-2,5391,7375,4908,5638,2582,4127,7375,4908,5638,2587,4127,4942,0
15449,50000,1,2,2,27,-2,-2,-2,-2,-2,-2,0,0,0,0,0,0,0,0,0,0,0,0,0
16037,90000,2,2,2,26,0,0,0,0,0,0,61982,46323,43710,45474,46369,47623,2000,2100,2500,1650,2000,2000,0
16075,120000,2,2,1,38,0,0,0,0,0,2,50721,25967,25949,25619,4456,2714,1667,1967,1650,500,0,1500,0
16945,330000,1,2,1,52,0,0,0,0,0,0,120212,119507,118891,107722,96842,85015,5000,5000,5000,5000,3500,5000,0
17465,200000,2,1,1,37,0,0,0,0,2,2,37958,40487,41590,43967,44722,46032,3023,1600,2900,1600,2000,0,0
17498,150000,2,2,2,28,-1,-1,-1,-1,-1,0,326,326,326,326,652,326,326,326,326,652,0,326,0
17825,50000,1,2,1,25,0,0,0,0,0,0,42238,43259,35307,23096,18970,19514,1807,1405,1366,1000,1000,1000,1
18228,100000,1,3,1,56,1,2,2,2,2,2,51021,53878,54046,52193,55151,55873,4388,2000,0,4212,2126,0,0
18319,180000,2,2,1,30,1,-1,-1,-1,0,0,1591,150,8834,19565,14170,9017,150,8857,19565,502,3000,2707,0
18667,50000,2,1,2,23,-1,-1,-2,-2,-2,-2,2332,0,0,0,0,0,0,0,0,0,0,0,0
19686,50000,2,1,1,38,0,0,0,2,0,0,10379,11200,14568,14008,14827,19297,1000,3560,0,1000,4656,712,1
19976,220000,2,1,1,41,0,0,2,0,0,0,138657,156689,150748,154481,156487,154870,22000,0,8000,7000,6500,5000,0
20252,90000,2,3,1,54,-2,-2,-2,-2,-2,-2,0,0,0,0,1805,0,0,0,0,1805,0,0,1
20320,360000,2,1,1,57,-2,-2,-2,-2,-2,-2,-2,-2,-2,-2,1422,0,0,0,0,1424,0,6624,0
20406,30000,1,2,2,34,-1,-1,-1,-1,-2,-2,390,0,780,0,0,0,0,780,0,0,0,0,0
20519,40000,1,1,2,27,2,0,0,0,0,0,10181,11058,11471,11776,12660,12660,2500,2000,1500,2330,2300,1000,1
20695,190000,1,2,1,41,2,2,0,0,0,0,127370,117487,117568,103011,101336,91215,0,6000,5000,3300,5000,4000,1
20726,450000,1,2,1,41,-2,-2,-2,-2,-2,-2,1068,1281,907,882,968,1243,1287,911,886,972,1249,1416,0
21142,150000,1,2,2,36,0,0,0,0,0,0,149931,152915,149867,144731,147661,149949,5500,5513,5200,5200,5400,6000,0
21216,140000,1,1,2,44,0,0,0,0,2,0,72763,75064,76892,79522,79623,80895,3905,4025,4924,2381,2926,3108,0
21473,500000,2,2,2,34,0,0,0,0,0,0,367463,287148,262173,90450,9685,-39046,10584,30232,3018,1335,30000,10000,0
21683,130000,2,2,2,22,0,0,0,0,0,0,34970,14867,10341,9788,7193,9006,2012,2000,2290,1005,4078,713,0
21757,270000,2,2,1,25,0,0,0,0,0,0,184560,178592,170225,156719,151716,153519,6061,6081,5072,5009,5254,4069,0
22016,70000,2,1,2,25,0,0,0,0,2,2,35871,37174,37904,40651,39697,42253,1902,1632,3379,0,3200,0,0
22027,250000,2,2,2,29,0,0,0,0,0,0,46948,46351,33227,33732,32245,37589,2500,10000,3000,3000,8000,0,0
22053,50000,2,2,2,29,1,2,2,2,0,0,22021,22334,21047,19925,20638,18803,1000,2000,1000,1000,1000,1000,0
22450,120000,2,2,1,41,-1,-1,-1,-1,0,0,4591,0,28466,21455,15685,6737,0,28466,21455,0,0,200,0
22615,70000,2,1,2,37,0,0,0,0,0,0,64860,64533,48493,48824,19000,39000,2200,3000,1400,500,20000,0,0
23722,260000,2,3,1,59,0,0,0,0,0,0,258885,261183,262546,238614,195149,195771,10000,11000,13067,10003,8000,11488,0
23824,210000,2,1,2,50,-1,-1,-2,-1,-1,-1,1561,0,0,806,1945,0,0,0,806,1945,0,1315,0
24443,70000,1,1,2,31,0,0,0,0,0,0,47873,52440,55961,63341,64694,67905,6000,5000,10000,3000,5000,3000,0
24835,350000,1,1,2,30,2,2,-1,2,0,0,832,0,1844,1248,832,416,0,1844,0,0,0,832,1
24959,80000,1,2,2,48,0,0,0,0,0,0,74349,75524,77448,48108,39104,39526,3400,4000,2000,2000,1423,2200,0
25016,170000,1,2,1,52,3,2,2,-2,-1,-1,2184,1990,0,0,3955,1278,0,0,0,3955,1278,1316,0
25329,200000,2,3,2,29,-1,-1,-1,-1,-1,-1,326,326,326,326,326,326,326,326,326,326,326,326,0
25914,400000,2,1,2,37,1,-1,-1,-1,-1,-1,6914,72574,42176,75513,57104,53542,73036,42386,75865,57379,53787,13833,0
26179,150000,2,1,2,28,0,0,0,0,0,0,12799,13726,14648,12115,12613,15225,1600,1500,1600,1000,3000,2200,0
27396,500000,1,3,1,43,0,0,0,0,0,0,57313,54997,44226,40712,37311,27068,4060,5014,5005,4000,5000,0,0
27798,280000,2,2,1,26,0,-1,-1,-1,-1,-1,6056,804,4712,1728,2076,1709,1200,4720,1728,2076,1709,7508,0
27948,30000,2,3,2,28,2,0,0,-1,-1,0,1946,1473,0,157,24767,24991,1000,0,3160,25000,1000,2000,0
28252,120000,2,1,1,37,0,0,0,0,-1,-1,21128,16121,12027,5870,2994,-175,5020,5000,1000,2994,0,0,0
28922,220000,2,3,2,33,-1,0,0,0,0,0,179430,177387,175378,178367,177657,180346,7041,6921,6858,6219,6409,6659,0
29046,290000,2,2,1,50,0,0,0,0,0,0,272799,261286,246740,224260,233251,226100,10109,10126,7095,30227,40213,40211,0
29133,330000,2,1,1,58,-2,-2,-2,-2,-2,-2,880,2304,0,440,0,115,2304,0,440,0,115,0,1
29163,100000,2,2,2,56,-2,-1,2,-1,-1,-1,390,780,390,390,3863,390,780,0,390,3863,390,390,0
29784,90000,1,2,1,30,1,2,0,0,0,2,45271,44247,45287,46332,49715,48788,0,2055,2100,4476,0,3800,0
