LIMIT_BAL,SEX,EDUCATION,MARRIAGE,AGE,PAY_0,PAY_2,PAY_3,PAY_4,PAY_5,PAY_6,BILL_AMT1,BILL_AMT2,BILL_AMT3,BILL_AMT4,BILL_AMT5,BILL_AMT6,PAY_AMT1,PAY_AMT2,PAY_AMT3,PAY_AMT4,PAY_AMT5,PAY_AMT6,profile
150000,1,1,1,21,-1,1,1,0,-1,0,140015,120006,120804,134206,110938,136004,29791,16279,16322,39117,15868,25788,stretched
200000,1,1,2,49,-1,0,0,-2,-1,-1,17384,21747,22019,20377,16987,19757,19184,16627,17450,10265,13506,14082,reliable
20000,1,3,2,33,1,2,2,2,1,1,20723,21026,18313,18570,24754,17410,392,428,728,1161,687,139,distressed
100000,1,2,2,35,-1,0,-1,-1,2,0,60125,73136,63831,71186,73330,64402,27270,17626,25277,14826,16078,15598,stretched
100000,2,3,1,52,-1,-1,0,0,0,-1,16385,12657,14364,17044,16607,18802,10735,11362,15418,15965,16701,16144,reliable
80000,2,3,2,39,2,3,4,2,3,2,79780,72211,69392,94429,84649,101508,2686,5429,3109,5375,689,3545,distressed
150000,2,3,2,25,1,0,1,0,0,0,119986,123954,118502,121160,88634,96661,35521,42357,12280,22547,29306,13064,stretched
100000,2,2,1,31,0,-1,0,-1,0,-1,60464,45823,43670,49056,56926,58807,18312,8250,10909,8029,16023,24142,stretched
100000,2,2,1,23,-1,-1,0,-1,-1,0,25503,26342,32207,29951,27654,24864,25257,22353,21868,26648,20185,22874,reliable
100000,2,2,1,21,-2,-2,-1,-2,-1,-1,31634,32126,38852,34699,36516,37656,29396,26189,28622,23398,32428,31069,reliable
300000,2,2,1,41,0,0,-1,-1,-1,-1,17189,19411,16773,21964,17966,18740,14707,12859,13193,11585,17711,10322,reliable
20000,1,1,2,44,1,1,1,2,2,1,18524,19376,24361,17030,20457,22542,233,92,188,1504,17,279,distressed
30000,2,2,1,40,0,-1,-1,0,-1,-1,24641,20348,26088,26865,21209,27461,4809,7331,10622,4421,9445,4818,stretched
100000,2,2,1,37,1,0,0,0,-1,0,78722,66608,83075,74561,61114,61623,20511,12618,18803,24295,6236,8264,stretched
200000,2,2,3,32,-1,-2,0,-1,-1,-2,32638,34753,24729,31806,27340,35214,24378,20879,26126,20736,30673,29058,reliable
300000,2,2,2,38,-1,-2,0,0,0,-2,60600,48555,66902,49212,49688,64585,46857,45818,38775,44391,61443,45548,reliable
300000,2,2,1,35,-1,-2,-1,0,-1,0,40015,29507,43451,34670,39660,42114,22362,31617,29244,33013,32161,33641,reliable
200000,2,1,1,33,0,0,0,0,0,0,18641,19504,15423,14908,14797,17074,15357,10854,9214,11728,16796,16050,reliable
30000,2,1,1,38,1,1,0,2,-1,1,11091,11955,13244,10879,14764,13575,3141,1981,1914,2186,4827,3053,stretched
100000,1,3,2,29,0,0,0,0,0,-1,59098,45250,50110,50863,46615,56269,16082,18158,10264,12085,9820,10250,stretched
30000,2,2,2,38,2,1,1,0,-1,2,16174,13598,16179,11853,13995,12095,2393,1764,1608,5249,2376,4568,stretched
200000,1,2,1,32,0,-1,0,-1,0,-1,12656,15098,14170,14863,15094,11951,14638,10985,12717,9070,11919,9016,reliable
20000,2,2,1,48,3,4,4,3,3,4,21442,20395,24332,19322,17958,22089,1380,78,695,1282,1325,1701,distressed
50000,1,1,1,30,4,4,2,4,4,2,52784,61161,50898,55690,49280,50664,2153,512,409,2632,2657,2799,distressed
30000,2,2,2,39,0,1,0,0,2,1,13443,14354,16813,18294,13845,15979,4456,6488,5178,2444,4596,2637,stretched
100000,2,1,2,38,-1,-1,-1,-1,0,0,23961,25331,22463,21598,28031,28138,23743,22267,19395,25392,25466,18983,reliable
100000,2,3,3,37,-2,0,-1,0,0,-2,8728,10157,12163,12344,9297,12062,6564,9196,12337,6294,7980,6713,reliable
200000,2,2,1,39,-1,0,0,0,-1,-1,21661,22811,22352,24009,23710,26743,22806,18029,15320,21129,26493,15755,reliable
300000,2,1,2,50,-1,-2,0,0,-1,0,104913,93299,108345,80290,107822,78500,61709,88143,50342,66971,47116,81258,reliable
30000,1,1,2,36,2,-1,0,0,0,1,18973,15645,19074,17354,19060,17081,3291,3162,2820,6203,2317,2387,stretched
30000,2,2,1,26,1,1,0,0,0,0,28925,22073,22359,26742,23047,27534,5958,5931,9321,7217,2973,3322,stretched
10000,1,2,1,26,1,1,2,1,1,1,10679,8243,7984,8826,11548,10558,113,569,332,440,790,51,distressed
50000,1,1,2,24,0,0,0,-1,0,-2,4767,6387,5181,5271,4589,5264,4509,4374,3596,4384,5116,3051,reliable
100000,1,1,1,48,0,-1,-1,-1,-1,0,17703,22462,19630,21377,16533,22690,17957,15654,21128,12438,17222,14763,reliable
100000,2,2,1,30,0,-1,0,0,-1,0,36013,35076,36910,38670,37072,40038,28824,26881,28550,27857,25538,24000,reliable
300000,2,1,2,23,0,-1,-1,-1,-1,0,24177,19638,24000,21169,16454,16733,17128,19802,12926,14766,15743,19307,reliable
50000,2,2,1,31,-2,0,0,-1,-1,0,14102,14093,13580,10403,12337,13687,10567,8697,9616,9780,11302,14001,reliable
100000,1,1,1,42,-1,0,0,-2,0,0,5887,5754,6283,5053,6232,5551,4876,3871,3965,5041,3806,3861,reliable
300000,1,1,2,39,-1,0,-1,-1,-1,-2,58392,48900,60879,71902,71065,49009,43145,43876,69112,43921,47752,54596,reliable
100000,2,2,2,37,2,1,0,0,0,0,77263,73207,76440,99121,70028,95876,22866,26678,38932,24695,36722,10669,stretched
50000,2,1,1,33,-2,-1,-1,0,-1,0,3383,4526,3983,4772,4253,3314,3001,2718,4726,2924,2672,3297,reliable
50000,1,1,2,26,0,0,1,-1,2,-1,27493,25698,28117,28948,23049,20523,4312,6505,11108,4921,6798,7207,stretched
150000,2,2,2,29,-1,1,0,1,0,0,94323,93898,91220,112115,93078,92766,21271,10951,31155,15673,27021,10871,stretched
50000,2,1,1,34,0,0,-1,-2,0,-1,18401,16419,18621,18686,20705,16581,12643,17222,14992,18523,12998,12627,reliable
50000,2,1,2,37,1,1,0,1,0,0,26867,30621,29322,28766,23105,25043,7457,4229,5236,4448,3461,7122,stretched
30000,2,2,2,21,2,0,1,2,1,0,14194,13760,12891,15829,13310,13074,1916,2986,3022,2806,2233,4669,stretched
300000,2,1,1,34,0,0,-1,-1,-1,-1,16508,16622,16042,17114,17007,18903,10696,11070,15697,15972,18864,15669,reliable
50000,2,1,1,24,-1,-1,-1,-1,0,0,4870,6979,5686,6706,6345,5187,4677,5258,4734,6125,3403,4242,reliable
100000,1,1,1,22,1,0,0,2,0,0,68677,62198,79789,92913,63264,68519,15902,27366,11773,13828,22209,14523,stretched
100000,1,1,1,35,0,-1,-1,0,-1,-2,33524,40748,41117,31313,36843,32847,27470,32299,22413,33838,31633,30879,reliable
50000,2,3,2,43,0,-1,0,0,0,-1,15236,12104,15972,15609,15594,12196,7507,15125,11275,13217,11025,9923,reliable
50000,2,3,2,36,0,-1,0,-1,0,-2,4085,4568,4572,4713,4371,5086,4409,3194,4216,3808,4116,2759,reliable
100000,1,2,2,46,-1,0,1,-1,0,2,72541,88539,75676,94643,91580,73089,29312,15215,26681,27249,25499,7786,stretched
50000,2,2,2,37,0,0,0,0,1,1,23257,19095,24246,23226,24407,18742,4953,8093,4035,4130,2027,9013,stretched
30000,1,3,2,35,0,1,0,0,1,0,16967,23554,23004,23155,18481,17189,3852,2922,3150,2243,6823,2074,stretched
50000,1,1,2,29,0,0,0,0,0,0,27427,24115,31083,25127,23936,24967,8503,6187,7684,8543,3079,9037,stretched
50000,2,2,2,50,0,0,-1,-1,0,0,5240,5204,5219,4035,4760,4687,3303,3596,3133,4270,3257,4883,reliable
200000,2,2,1,32,-1,0,-1,0,-1,0,15124,14919,17565,14990,14839,17808,11640,11810,10295,9468,10689,11687,reliable
100000,2,2,2,21,0,-1,-1,0,-1,-1,28185,36715,31590,34823,36006,37890,25318,22579,24382,25390,31562,28112,reliable
100000,1,1,1,21,-1,-1,0,-1,-2,-1,47160,45913,44212,35849,36666,40244,37847,35467,30639,27988,36206,34588,reliable
30000,2,1,1,41,0,-1,0,0,1,0,18978,17225,17142,21536,16865,23764,2526,4834,5027,3927,2888,6468,stretched
50000,2,2,2,44,-1,0,-1,-2,-1,-1,19135,17648,19005,18103,17066,15697,13075,16811,10995,13238,13462,16153,reliable
50000,2,1,2,45,0,-1,-1,-1,0,-2,6317,6544,4924,6552,4513,6542,6418,2978,5931,4459,6296,6243,reliable
50000,1,3,1,24,0,0,2,0,0,2,41504,36019,36563,33684,43259,39816,7589,5574,5587,10347,15240,13291,stretched
100000,2,1,2,29,-1,-1,0,-1,0,-1,47042,41159,36436,43544,48442,40198,8253,12888,11148,17091,9403,18153,stretched
50000,2,2,2,27,-2,-1,-1,-1,-2,0,9869,10308,9318,8306,10686,9703,8870,5996,5029,7473,7594,7477,reliable
300000,2,1,2,45,-1,-1,0,-1,-2,-2,18041,19168,15846,19333,18256,20315,19022,9776,15041,14948,13381,13251,reliable
300000,2,2,2,46,-1,-1,-2,-1,-1,0,103564,114454,95561,110779,133928,114379,113133,67230,88825,126403,89136,73716,reliable
100000,2,1,1,38,0,0,0,0,0,0,25911,26961,26888,31100,28235,27031,25372,22284,21320,27107,19923,15951,reliable
50000,1,1,1,34,-1,-1,-1,-2,-2,-1,7334,8542,8590,7385,8860,6829,8295,6063,4548,5700,4754,5204,reliable
100000,2,1,3,37,-2,0,-2,0,0,0,46480,39745,40183,36736,44026,43880,37269,38503,28424,39921,40482,33623,reliable
300000,1,2,1,35,-1,-1,-1,-1,-1,0,88086,95562,101367,85759,102796,95112,72349,78057,81622,72794,91069,67860,reliable
80000,2,1,2,43,1,1,1,1,1,1,101535,108203,103483,78104,92118,79121,7083,4836,1646,6851,729,4580,distressed
50000,2,3,1,60,0,0,-1,-1,-1,-1,5377,5299,4002,4253,4737,4976,4118,2651,2729,4737,3892,5103,reliable
200000,1,1,1,39,-1,-2,-1,-1,-1,-1,27017,21004,25217,19269,19004,24736,15451,21742,12286,18623,22248,25680,reliable
200000,2,4,2,51,-1,-2,0,-1,0,0,51476,50554,54617,59747,51276,55773,49871,44174,57591,47044,34774,39721,reliable
100000,2,1,1,34,0,-1,-1,0,0,0,28228,29764,30714,31001,22004,27620,20433,28998,26641,16901,18650,20765,reliable
30000,2,2,2,21,-1,0,-1,0,0,-1,13084,17504,13108,12862,17510,18918,5723,3165,3162,4042,3734,3356,stretched
100000,2,2,2,37,-1,0,0,-1,-1,-2,31696,37066,25808,26245,30515,26413,26135,25664,17941,20727,21908,25331,reliable
50000,2,2,2,35,2,-1,1,-1,0,1,23520,19728,23485,17817,24682,24449,2499,2516,2083,8789,4166,6221,stretched
30000,2,1,2,26,0,-1,-1,-1,1,2,22535,18994,20297,19861,21160,20663,3762,3890,3481,4433,2996,8149,stretched
100000,2,2,2,24,-1,-1,-1,-1,0,0,25842,32332,34377,29426,25082,32370,32219,24169,19886,16293,26611,21671,reliable
30000,2,2,1,28,0,1,1,1,0,0,24321,25534,25027,21205,22507,25435,3070,9496,2908,3587,8383,3139,stretched
300000,2,2,2,43,0,0,0,-1,0,-2,119525,123074,112578,127313,138471,99794,83809,91838,100902,114741,61835,91043,reliable
200000,2,2,2,48,-2,-2,-1,-1,0,-1,29440,33466,31207,24350,30196,25880,29905,29053,20390,25260,19033,22919,reliable
300000,2,2,1,42,-1,-2,0,0,0,-1,24415,29400,24886,28949,29264,22040,24798,24479,22026,18155,21364,23279,reliable
30000,2,1,1,46,0,0,2,-1,2,2,14960,14944,12885,13444,12530,12312,2030,1662,2283,4398,1770,2513,stretched
300000,1,1,2,34,0,-1,-1,-1,-1,-1,85191,85811,87479,65564,96179,84068,78310,65689,39664,77318,67496,66006,reliable
300000,1,1,1,36,0,-2,-1,0,0,-1,97460,75497,88961,66901,74743,81394,46234,75356,58292,67171,65655,82020,reliable
50000,2,2,2,33,-2,-1,0,-2,-1,0,16802,12473,17197,11907,16669,12205,8455,10345,9265,12231,8133,13113,reliable
200000,2,2,1,21,-1,0,0,0,0,0,73828,81672,75222,84307,62204,65651,69068,52130,73045,46061,62674,68491,reliable
50000,2,1,2,26,1,1,0,1,0,1,42133,39696,41955,38387,37501,36727,4951,10446,14062,10839,9413,9631,stretched
50000,1,3,1,36,-1,-1,0,0,-2,-1,17089,16270,17379,18275,14777,17181,14608,13576,17741,11198,14195,10978,reliable
100000,2,1,2,48,0,-1,-1,0,-1,0,25941,25426,26202,27369,26510,26205,23573,23536,20159,24395,24671,17157,reliable
100000,2,1,1,37,0,-1,-1,-2,0,-1,45472,34258,44599,32143,37855,45407,29993,36263,24273,35013,40132,35803,reliable
50000,1,1,2,47,0,0,-1,0,1,0,34041,43250,42503,47496,39846,40778,6504,13696,15931,5618,8891,12523,stretched
200000,1,3,2,47,0,0,-1,0,0,-2,18793,14370,18267,15596,18386,14577,9695,14592,9563,12689,12968,17571,reliable
200000,2,1,1,44,-2,0,-1,-1,0,0,17753,14742,16129,17128,18032,13033,13560,15403,10612,16258,9669,15258,reliable
100000,2,2,1,40,-2,-1,-1,0,-1,-1,28024,22777,27078,19814,26161,28535,21379,22525,16856,19394,24877,25450,reliable
10000,2,2,2,30,2,2,1,2,1,1,11912,9022,8970,11316,10095,11484,314,663,261,548,50,911,distressed
80000,2,1,1,35,3,2,2,2,1,2,87006,82618,81366,81571,69893,73009,302,5122,2826,2450,1433,1458,distressed
50000,2,2,2,35,0,0,-1,0,-1,0,30028,32004,28970,26475,29917,26760,7179,7462,5171,3927,6006,4119,stretched
300000,1,1,3,52,0,0,-2,0,-1,0,42100,44339,35081,37902,36704,44701,32440,28744,26104,22378,43653,27084,reliable
50000,2,2,1,47,1,3,3,1,1,3,54778,40164,56008,44460,49499,55463,185,4135,2020,2789,662,2337,distressed
150000,2,2,1,25,0,-1,2,0,1,-1,52302,64720,49856,62678,64958,62638,13562,15415,17443,10542,16846,19068,stretched
150000,1,1,2,29,2,-1,0,0,0,0,76556,73584,88588,93632,91024,68176,24504,12791,35020,23244,13698,11262,stretched
300000,1,1,2,51,-1,-2,-1,-1,0,0,65721,74325,79793,64061,88215,75426,68960,68747,56630,78198,71658,55563,reliable
100000,1,2,2,49,-2,0,-1,0,0,0,31193,34427,34617,33400,35861,29850,34141,22128,31118,30039,20834,28020,reliable
200000,2,2,2,28,-1,-1,0,0,0,-2,70315,49885,55480,53298,57080,65406,39394,45954,38676,37474,46227,66368,reliable
20000,1,2,2,23,3,3,3,2,2,4,18228,16458,20225,19121,16926,19016,1284,746,983,1244,378,1293,distressed
50000,2,2,2,32,-1,0,0,-1,-1,-2,7506,7055,6485,8329,6859,7067,5389,4363,7435,5346,4286,7398,reliable
50000,1,2,1,30,0,-1,0,0,0,0,17854,14978,14260,15866,16469,18876,14228,13781,14916,16236,14840,11051,reliable
200000,1,1,1,43,-1,-1,-1,-1,-2,0,35148,29042,39016,30571,29952,36008,25051,30453,26076,19882,31303,24893,reliable
200000,1,3,2,21,0,0,-1,-2,-1,-1,46273,33469,32586,43407,44039,45348,20842,29678,32582,31767,30347,46199,reliable
300000,1,1,1,24,0,0,0,0,0,-2,24483,26113,23185,23036,32657,25893,25927,22855,15135,28933,21758,21453,reliable
10000,1,1,2,23,2,3,4,3,2,3,7437,9303,10898,8376,9245,8066,43,70,487,639,92,172,distressed
100000,2,2,2,33,1,0,-1,0,0,0,55052,51854,54882,54768,49749,54985,11668,5548,6505,6609,7071,11314,stretched
30000,1,1,2,39,0,0,1,0,2,0,25347,24756,19645,25787,24587,20158,7289,4814,5978,3286,5150,3295,stretched
50000,2,1,1,26,-2,-1,-1,-1,-1,0,11478,13711,14091,12100,14540,12493,9712,11211,7441,13400,8003,8304,reliable
30000,1,1,1,30,0,0,0,-1,0,0,21270,29414,25788,26254,26932,26874,10176,6319,6826,5310,3536,6368,stretched
200000,1,1,1,48,-2,0,0,-1,0,-1,50361,50269,59957,55712,50471,50112,30694,58578,40540,35450,50100,44694,reliable
100000,2,1,2,31,-1,0,0,0,0,1,46952,36049,35770,39641,34517,41747,11258,12176,11151,12221,9266,16651,stretched
300000,1,1,2,28,-1,-1,0,0,-1,-1,65225,78649,60137,58630,69764,74472,72216,50266,53326,52817,45662,42164,reliable
100000,2,1,2,53,0,-1,0,0,-1,-1,26463,23592,23751,27458,26983,21761,18317,22732,16874,25420,14477,21247,reliable
200000,2,1,2,37,0,0,0,-1,-1,-1,57040,47252,43944,41422,52276,57613,28887,39382,40211,32929,37107,50012,reliable
200000,2,2,1,39,-2,0,0,0,-1,-1,18141,14560,17133,14016,15689,15229,12347,15672,8731,14749,14381,13368,reliable
300000,2,2,1,21,0,-1,-2,-2,0,0,34070,42046,38220,38114,32940,42609,29668,25804,23485,24565,40546,25030,reliable
300000,2,2,1,40,-1,-1,-1,0,0,0,131700,91683,126688,111227,126584,91060,65579,114086,102018,107329,65609,95370,reliable
100000,2,1,2,25,0,-1,0,-1,-1,-2,22156,23246,20991,22113,22521,21920,20885,14346,17676,18812,13174,20879,reliable
200000,2,1,2,35,-1,0,-2,-1,-1,-1,59953,56621,55065,61977,59142,50246,55694,48617,61678,58462,48616,54087,reliable
200000,2,2,2,22,-1,-1,-1,0,-2,0,23549,20617,17002,16734,20527,17962,18185,15610,11569,17178,11887,16989,reliable
10000,1,3,2,42,1,1,2,1,1,1,11257,10335,11108,10108,12342,11015,765,553,416,702,444,815,distressed
300000,2,2,1,49,0,-1,0,-1,0,-2,27451,29102,27633,28403,33556,26852,26137,17395,25742,30764,20426,24404,reliable
100000,1,1,2,23,0,0,0,0,-1,-1,45818,46032,47124,38934,36515,34011,36848,32422,37930,21967,22355,32008,reliable
50000,2,2,1,28,-2,0,-1,0,-1,-1,9616,8505,7388,7951,9199,8657,7010,7049,6909,7884,5851,6179,reliable
200000,1,1,1,34,-2,-1,0,0,0,-1,58423,55077,73977,63083,64138,60319,51975,53184,43154,46417,41093,42477,reliable
10000,1,1,2,31,3,4,3,2,2,4,8376,8063,9015,9757,8939,9889,191,249,617,628,255,383,distressed
50000,2,3,1,42,0,-2,-1,-1,0,-1,10144,8986,8183,7006,8935,7189,7342,7371,5391,6431,4450,6187,reliable
150000,2,2,2,22,0,1,1,2,2,0,130816,141908,130626,135265,134325,129483,48325,49691,32810,39154,32951,46480,stretched
200000,1,3,1,31,-2,-1,-1,0,-1,-1,43815,60143,45588,55084,56521,49352,41167,30799,51922,45460,31391,38855,reliable
100000,2,3,2,24,0,-1,0,-2,0,0,17257,12761,17612,13715,12309,13254,7955,16133,11041,9045,11462,14707,reliable
100000,1,2,2,32,0,-1,-1,-2,-1,-1,9046,9355,7101,8053,9339,9442,6092,5252,7081,6431,6892,5512,reliable
50000,1,2,2,31,1,1,1,1,1,1,34823,43034,42444,47385,45165,41446,474,1915,233,1557,1294,1192,distressed
200000,2,1,2,32,0,0,0,-1,0,0,43733,44833,56538,50544,47685,50478,34320,44556,36196,37001,44130,26939,reliable
200000,1,2,1,26,-1,-1,-1,0,-1,-1,24238,25732,24179,25124,25381,27641,17702,22286,19471,22399,17485,19099,reliable
300000,1,4,2,42,-1,-2,0,-1,-1,0,22649,32041,25773,21388,31549,21581,24589,22860,20657,27926,16951,22417,reliable
50000,2,2,2,43,0,-1,-1,-1,-1,-1,12342,12818,11394,11708,11447,15009,11305,9254,8778,9929,13886,11756,reliable
100000,2,1,2,35,-1,0,-1,-2,-2,-1,17803,23012,18831,23463,17718,20550,18747,17540,15381,17080,16698,14856,reliable
200000,2,4,2,49,-1,-1,-2,0,-1,-1,24374,20351,26929,20650,19541,26873,14615,20740,20312,19106,23809,15297,reliable
100000,2,1,1,24,-1,-1,-2,-1,-1,0,19362,21820,19229,26501,19244,22625,14811,12125,18045,11968,14837,15439,reliable
30000,2,1,2,23,0,-1,-1,0,0,-1,30332,24667,21181,23654,22780,20503,3171,4998,4776,3511,6455,6283,stretched
10000,2,2,2,39,3,3,2,3,4,3,8363,8308,7337,7997,6806,8872,147,114,201,491,565,634,distressed
50000,1,2,2,28,0,-1,-1,0,0,-1,4470,4322,5318,4444,5271,4563,3896,3479,4310,4176,3212,3114,reliable
200000,1,2,1,41,-2,-1,0,-1,-1,-1,73520,85951,91069,82991,66350,79383,55654,83388,59133,58261,76528,49435,reliable
50000,1,1,2,55,0,0,-1,0,-1,-1,7968,6743,7416,8534,7413,7640,4243,4978,5465,6716,7139,5375,reliable
50000,2,1,2,29,1,1,0,2,-1,0,33877,43844,44101,47131,40717,37533,15272,14608,11787,13451,6770,9379,stretched
300000,2,1,1,43,-1,-2,0,-1,-1,-1,114990,107973,103849,95966,99244,99203,65663,83206,90437,87703,91096,86955,reliable
50000,2,1,1,33,0,0,2,1,2,0,31305,31767,33140,25762,37336,26594,7474,5376,6624,6872,9521,6853,stretched
100000,1,2,1,21,0,1,0,0,-1,1,67906,77632,69004,75369,70870,55312,24052,16926,28312,24241,7259,9519,stretched
150000,1,2,1,28,-1,0,-1,2,0,-1,60391,63340,80609,60490,75100,78884,20606,12657,7167,17622,12680,18708,stretched
100000,1,2,2,33,0,0,0,-1,-1,0,14386,14824,19197,17396,14544,17085,10411,19014,10666,12987,15534,9018,reliable
10000,2,1,2,32,1,2,3,3,3,3,10187,7212,7836,9993,8352,7672,108,333,676,47,19,379,distressed
200000,2,1,1,56,-2,0,-1,0,-1,0,44602,44247,43674,47497,39264,44466,41813,29901,29297,29915,41918,31919,reliable
300000,1,1,1,42,-1,0,0,-1,0,-1,19708,19800,24714,26810,22930,23330,16547,20098,23465,18085,20660,19687,reliable
200000,1,2,2,43,-2,0,-2,-1,0,-2,53988,70607,79100,75140,76913,64604,65643,64888,63675,47960,43971,44291,reliable
100000,1,1,2,31,0,0,0,-1,-1,0,5900,6605,4998,4991,6034,5249,5892,4897,4524,5738,4240,5504,reliable
30000,1,2,1,51,-1,1,-1,0,0,0,15533,16252,18204,16773,12944,15127,4496,2621,3851,2397,2052,3939,stretched
30000,2,1,2,29,1,-1,0,0,0,2,27249,21528,20136,25425,24134,20573,7063,5148,7526,5015,4767,4199,stretched
100000,1,1,2,62,-1,-1,-1,-2,-1,-2,20868,15703,17212,14896,19906,15610,11036,15665,12124,12055,9380,16783,reliable
80000,1,2,1,30,1,1,2,1,1,2,101085,84685,91962,91660,100991,79840,2008,2220,300,2542,5607,7375,distressed
200000,1,1,2,21,-1,0,-1,0,-2,-1,59316,56362,52043,47912,57613,45593,52405,39988,36696,42108,45034,39740,reliable
300000,1,2,2,40,0,-2,-1,-1,-1,-1,84946,74949,94732,99476,82363,88282,68666,65990,94082,58649,80366,54777,reliable
50000,2,1,1,33,-1,-1,0,-1,-2,-1,12908,15697,16740,15732,13623,15329,12003,11301,14198,9925,12809,10408,reliable
80000,1,2,2,36,1,2,1,1,1,1,97666,93649,87638,93336,91869,76554,4126,5403,2368,4806,2949,3931,distressed
300000,2,2,1,40,0,-1,-1,0,-1,0,62953,60798,79643,60193,72847,61035,38193,69553,36155,63399,42734,56560,reliable
300000,2,2,2,41,0,0,-1,0,0,0,19308,19476,17416,21747,16352,17875,18297,11778,20193,10328,14223,12167,reliable
300000,2,2,1,44,-1,-2,0,0,-1,0,39671,43374,34999,35136,47318,38683,29179,25640,26666,40184,37492,39458,reliable
50000,1,1,1,35,1,2,2,1,2,1,41761,39008,46555,44679,45877,40457,2929,2378,3215,401,2016,2838,distressed
50000,1,2,2,40,2,1,3,1,2,2,38315,44035,35621,36359,36028,32758,1669,111,794,2867,2407,659,distressed
150000,1,1,1,37,0,0,-1,-1,-1,-1,100766,123093,103076,128441,139453,117378,15377,28220,28585,47870,23722,36525,stretched
80000,2,3,1,42,2,1,2,1,2,3,104210,72440,97695,96884,106078,83105,1655,3541,6639,6183,3136,2039,distressed
80000,2,2,1,52,2,1,2,2,1,2,89337,85607,86750,77990,83949,76256,2930,1161,2161,5330,1500,4373,distressed
100000,2,2,2,25,-2,0,-1,-1,0,-1,21773,25087,19880,22438,26929,21696,21125,15189,16303,26026,15997,15125,reliable
200000,1,3,2,34,0,-1,-1,-1,0,-1,12265,13138,14402,10596,11028,12700,9796,11421,10274,9020,9729,12213,reliable
30000,2,3,2,42,1,0,1,-1,0,0,16141,15752,14282,11941,14575,11951,1930,3273,1488,2663,3545,3109,stretched
150000,2,2,2,44,0,0,0,0,2,0,92811,72727,68507,68698,77858,89271,23811,15829,11172,8862,21317,31967,stretched
50000,2,3,2,27,0,0,-1,0,-2,-2,2486,2779,2824,2837,3017,2528,2407,2490,2169,2296,1698,1903,reliable
300000,2,1,1,43,-1,0,-2,-1,-1,0,36137,30439,28556,30491,30061,28889,19942,24626,19961,27361,19664,32254,reliable
30000,2,1,2,36,0,-1,0,0,0,1,17389,16681,13254,14370,14022,15304,4848,3049,2491,4329,4214,4448,stretched
50000,2,2,1,37,0,0,-1,0,-2,0,4752,4221,5290,3924,4021,4306,2986,4638,3109,2768,3456,4541,reliable
80000,1,3,2,30,2,3,3,2,4,3,59434,69104,66912,82433,65135,78894,4140,3575,6070,2126,2459,765,distressed
100000,2,2,2,29,0,0,0,-1,0,-1,33156,35146,28380,33172,27154,29803,31271,24199,22396,25615,18518,27788,reliable
300000,1,1,2,35,-2,-1,0,-1,-1,-1,34819,44501,34917,36752,42259,33605,29532,27743,25634,29339,20287,26051,reliable
150000,1,3,2,22,0,0,-1,0,0,0,83298,86323,86224,65881,68452,64005,16588,17231,19101,10740,24054,10906,stretched
100000,1,1,2,40,0,-1,0,0,0,0,31213,24442,23057,27521,31294,29903,21527,17550,19099,25433,20386,27795,reliable
50000,1,3,2,43,-1,-1,-1,-1,0,-1,14207,13258,12644,14114,11029,10931,12471,7821,11431,9330,7425,13614,reliable
300000,1,1,1,28,-1,0,-1,-1,-1,-1,37798,28226,30714,32450,26891,35726,20037,25177,26604,22617,22229,25228,reliable
80000,2,2,2,31,4,4,2,4,3,2,72231,73791,87885,65474,73268,63301,2066,5043,914,3408,2110,298,distressed
300000,2,1,1,37,0,-1,0,0,0,-2,48313,61196,52221,54955,54017,57786,57814,43098,39448,32903,48873,44940,reliable
50000,2,1,1,23,-1,0,-1,-2,-2,-1,14415,10701,13058,13665,12019,12670,8793,10721,8428,9324,8686,13935,reliable
150000,2,1,1,34,0,0,0,0,2,2,122567,119831,108423,136965,108994,132547,44190,26564,50442,19950,39437,15491,stretched
50000,1,1,2,32,1,1,1,1,1,1,50078,51679,44738,51921,40159,44085,2962,2239,3478,151,615,194,distressed
50000,1,2,2,35,-1,-1,-1,-1,-2,-2,3955,2791,3492,3995,3550,3600,2436,2266,3476,3380,3563,3074,reliable
200000,1,2,1,27,-1,-1,-2,-2,-1,-1,62265,62272,73626,67436,88990,87437,47445,57391,50580,54742,62704,40414,reliable
300000,2,2,2,30,-2,0,-1,-2,-1,0,106940,106900,120565,116763,97082,93683,82852,99578,76536,69638,67674,75341,reliable
300000,2,3,2,28,0,0,0,-1,0,-1,108052,97767,91035,91175,82434,99597,81540,60260,87005,61610,61740,79002,reliable
300000,2,3,2,34,-1,0,-1,-1,-2,-1,36784,39830,31010,40215,32030,29624,25687,28343,33054,23153,24984,26957,reliable
100000,1,2,1,37,0,0,-1,0,1,-1,73711,63152,54412,71177,81086,62046,9800,10041,16202,14212,12663,21484,stretched
100000,2,1,1,27,0,-1,-1,-2,0,0,10538,11829,9872,9491,11200,11106,8265,6558,7053,10195,9751,9130,reliable
50000,1,1,2,33,0,-1,0,0,-1,-2,12481,16498,15592,15052,15013,16448,16025,13070,11540,11192,15258,10707,reliable
50000,2,1,1,39,2,0,0,2,0,0,21485,21922,22184,18658,22513,18334,7644,3677,5766,7542,2873,3682,stretched
300000,1,2,1,38,-1,-1,0,-1,-2,0,53849,54163,62597,47529,62457,51264,40822,41227,39026,55695,38031,35829,reliable
100000,2,2,2,41,0,-1,0,-1,-2,0,16569,17296,19352,13938,20374,18384,16955,17938,13536,17122,13658,12877,reliable
30000,2,1,2,37,-1,0,-1,-1,1,-1,25254,27299,20937,26064,21688,23397,6379,2130,7098,7032,3565,9584,stretched
50000,2,1,1,42,0,1,2,1,-1,0,32475,38192,31796,39924,31285,44654,6199,9694,5529,5096,10506,8831,stretched
150000,1,2,2,47,-1,0,1,0,-1,0,102076,117552,98745,102553,126256,99335,45763,18947,10979,22280,15035,25728,stretched
50000,1,1,2,45,-1,0,-1,-1,0,0,6942,9807,7159,7214,7059,8455,7625,5010,5568,6137,6026,6707,reliable
100000,2,1,1,43,-1,0,0,-1,-1,0,16084,14620,12347,18275,15732,16033,12280,10128,13085,15553,13607,13967,reliable
20000,2,1,1,45,1,2,1,2,2,2,21280,18916,19577,26402,20230,23967,236,304,1857,240,36,853,distressed
100000,2,2,2,39,-1,-1,-1,-2,0,0,17163,20062,20060,21787,18967,16943,15966,16960,16791,17382,14128,10363,reliable
200000,2,2,1,26,-1,0,0,-2,0,0,49458,39805,50259,46994,52408,39603,35202,35923,40447,44591,27355,38388,reliable
200000,2,2,1,21,-2,-1,-1,0,-1,-1,13019,13683,12319,13680,11705,11942,11870,8685,12101,7248,9853,9850,reliable
150000,1,3,2,24,0,1,0,0,0,2,77200,74305,98218,94427,71956,92648,16760,10275,24410,10003,15100,23840,stretched
50000,2,1,2,22,1,2,1,1,1,1,55216,47511,57485,47570,43567,51801,1599,70,266,681,3188,3940,distressed
200000,2,4,2,44,-1,0,0,-2,-2,0,57328,78821,58543,57595,77005,70800,60363,56292,53893,47978,59928,52106,reliable
80000,1,3,2,40,2,1,1,1,2,1,54446,76036,73710,75845,69764,61131,5513,1762,1672,4947,3330,3901,distressed
200000,2,1,2,21,-2,-2,0,0,0,-1,75486,69835,53877,56886,76972,77354,68925,33119,42834,69573,69708,47886,reliable
200000,1,4,3,21,0,-1,0,0,0,0,36721,33005,38545,39318,40364,31479,26761,26572,24181,35647,25800,32666,reliable
50000,2,2,2,29,1,1,-1,1,0,-1,34311,32738,25946,25724,33727,31945,8375,9657,7663,7381,7161,9661,stretched
200000,2,1,2,32,0,-1,-1,0,-1,-2,60726,67228,55351,52985,56566,57993,59051,51931,47070,37876,43291,40284,reliable
200000,2,4,2,32,-1,-2,0,-1,-1,-1,71539,70421,62593,67677,66420,64652,58236,49130,64677,64862,44467,45788,reliable
300000,1,1,2,45,-1,0,-1,-1,-1,0,63497,82738,85502,83582,72923,88374,73324,55689,56673,62338,63255,41132,reliable
20000,1,3,2,29,2,1,1,2,1,2,22651,18557,20543,19611,25834,18946,1435,967,812,1751,42,1408,distressed
300000,2,3,1,30,-2,0,-1,-1,-1,0,73546,67268,66964,58508,54461,75583,43181,54348,41484,38431,63326,67602,reliable
50000,2,1,2,26,3,2,2,2,3,4,45301,66260,49771,51136,49805,50208,2930,955,1611,2612,3358,2511,distressed
100000,2,1,2,57,1,0,0,1,0,-1,65099,68115,68176,56738,67407,73255,17970,8357,17045,12987,7643,9549,stretched
100000,1,1,1,44,-1,-2,0,0,0,-1,28445,28194,21091,26169,22268,20514,24426,16880,21346,20731,15070,24657,reliable
30000,2,2,2,36,0,-1,-1,-1,1,1,22346,22706,22369,19486,16815,20388,3336,2646,4864,4988,7263,7483,stretched
100000,1,1,3,35,0,-1,-1,-1,-1,-2,45527,44218,32597,43990,43382,43878,29214,21081,42649,29046,32797,35620,reliable
300000,1,2,2,35,0,-1,-1,-1,-1,0,121023,114302,114517,100318,108459,119752,88326,93676,94261,74847,73176,74464,reliable
150000,2,1,1,40,-1,-1,1,0,0,0,82684,85009,79352,108400,76153,74760,13168,27239,27863,21913,15499,9972,stretched
30000,2,2,2,49,-1,0,0,-1,0,0,10917,13495,13448,15333,12249,10652,3526,3920,2175,3257,1697,3858,stretched
200000,1,1,2,21,-1,0,0,-1,-1,-1,73933,84696,73170,65356,87777,61328,52713,54567,57171,64664,38424,53759,reliable
100000,2,2,1,33,-1,-2,-1,-2,-2,0,10190,11412,10218,10066,9782,12322,9641,8788,9153,7146,11920,9103,reliable
150000,2,2,3,38,0,0,0,-1,0,1,109166,99759,109536,123216,113023,110897,23749,22313,38143,44564,25221,23761,stretched
50000,1,2,3,34,2,2,1,2,2,1,47438,47289,39343,45609,45402,49381,515,613,1773,160,1642,2991,distressed
50000,1,2,1,23,0,-1,0,-1,0,0,33771,32279,28635,40118,28648,38764,6927,8007,6993,4200,10079,10425,stretched
50000,1,1,2,39,-2,0,0,0,-1,0,10138,12114,10372,11741,9271,9798,7632,7969,10185,8671,8097,8678,reliable
50000,2,1,2,30,-2,-1,-1,-1,-2,-2,9442,11668,11696,10619,8455,9943,8146,11158,6959,5257,8767,7377,reliable
50000,1,3,2,50,0,0,-2,0,0,0,13460,16178,16747,12541,16868,13815,12228,10629,11732,13904,11078,13291,reliable
150000,2,1,2,35,0,1,0,0,0,0,110351,125126,126223,108219,136287,104567,38530,44757,22165,42634,15375,39040,stretched
20000,1,2,1,31,3,2,3,3,3,1,18615,22918,19271,25114,22754,21201,458,673,1924,927,796,1111,distressed
300000,1,3,2,48,-1,0,-1,-2,0,-1,57044,65882,73794,68108,62309,67153,59888,71411,61657,48182,47641,45632,reliable
200000,2,3,2,35,-1,0,-1,-2,0,-1,24918,26368,28116,20021,29016,26386,18819,19169,14384,27574,18907,19564,reliable
100000,2,1,2,46,-1,0,-1,-2,0,-1,10276,9074,8348,10179,10796,10930,6009,6868,9420,7173,7466,6176,reliable
50000,1,2,1,33,0,-1,2,0,0,0,27634,31378,28216,36863,34467,29988,8106,8489,12344,4275,3201,3712,stretched
150000,1,1,2,35,0,1,0,1,0,1,92718,83645,81043,94555,92187,91369,14026,11827,29031,22180,27878,30429,stretched
300000,1,1,2,39,-1,-1,0,-1,0,0,100545,83936,94651,105736,83303,101317,82390,89587,80424,70215,100983,83188,reliable
50000,2,2,2,38,-1,-1,0,0,-2,0,22583,17626,20789,15797,23385,17677,15263,19535,10492,21962,10693,17542,reliable
100000,2,1,1,44,0,-1,-2,-1,-2,-1,26378,28540,22006,22322,28189,22017,22483,19644,19208,19288,15887,26051,reliable
50000,1,3,1,41,0,-1,0,-1,0,-2,21493,16296,19459,17257,16870,20559,13074,17458,16514,11787,19926,17349,reliable
150000,2,3,2,31,0,0,0,0,0,1,97856,73531,98589,76450,84088,80667,9959,37788,17695,25823,21988,24514,stretched
50000,2,2,2,46,-1,-2,-1,-2,-2,-1,23035,21952,20248,21396,16950,19293,15431,12177,21111,16027,15540,16163,reliable
100000,2,1,1,32,-1,-2,-1,-2,0,0,25794,35109,27209,25831,24624,33262,24669,21871,16652,24479,21625,19726,reliable
10000,1,2,1,27,3,2,2,2,2,2,8842,10844,10752,8275,11570,10359,687,226,81,650,658,273,distressed
50000,2,1,2,34,0,0,-1,-1,0,-1,17142,19733,22170,19798,18727,18696,14815,18621,19472,17139,14390,12565,reliable
50000,1,3,2,44,-1,-1,-2,0,0,-1,11129,12262,9767,11131,13215,9305,9600,8441,10631,11068,8652,7669,reliable
100000,2,1,1,44,-1,0,0,0,0,0,13852,12552,16092,15115,13208,15508,12448,10443,11841,10536,10339,11257,reliable
200000,2,2,1,25,-2,-1,0,-1,-1,-1,39697,39456,40109,35314,40201,39628,24219,28479,31810,33414,36556,32435,reliable
200000,1,2,2,38,-1,-2,-1,0,0,-1,11443,11935,11955,14875,14390,13989,10464,7253,10537,13109,13485,8872,reliable
300000,2,2,1,50,-2,0,-1,-1,0,0,101377,115460,97941,96164,105765,100921,114403,78995,72514,80167,82672,75218,reliable
200000,2,2,2,32,-1,0,-1,0,-1,-1,65771,64448,75175,71504,72889,70776,58588,50820,58797,48343,53995,56931,reliable
50000,1,3,2,52,-1,0,-1,0,-1,-1,4355,3816,4585,3812,3696,5168,3294,4468,3034,2267,4288,3586,reliable
100000,2,4,1,22,-1,-2,-1,-1,-1,-1,7336,8302,8058,7519,8322,7577,6108,6773,4751,5731,5812,4994,reliable
30000,1,1,2,30,0,0,-1,-1,0,0,17359,12457,13888,15105,14066,15040,1408,4091,4064,4280,4063,4016,stretched
50000,2,1,2,21,-1,-1,0,-1,-1,0,19424,19554,16040,14973,17250,17380,16600,11689,9366,11799,11502,12617,reliable
100000,2,2,1,33,-1,-1,-1,0,-1,0,39786,31569,36587,34665,35515,36490,28409,34915,25643,30592,25985,33334,reliable
200000,2,2,2,24,0,0,0,-1,0,-2,29304,27699,29022,28453,29128,31268,22862,18201,20154,25728,24940,24012,reliable
80000,1,2,2,38,3,2,3,1,3,3,83308,76951,85757,79525,97833,79258,1082,3954,2519,751,3581,3585,distressed
20000,1,1,1,36,3,3,1,2,3,3,18267,14226,18042,17519,19226,19205,312,1106,444,968,918,80,distressed
50000,2,1,2,34,0,-1,0,-1,-2,-2,14694,17597,16849,16856,17829,15968,14279,16109,13178,16485,9925,8824,reliable
300000,1,1,1,34,-2,0,0,0,0,-1,87336,87134,68346,72598,61421,73753,73182,47871,61334,58957,44280,60399,reliable
100000,2,1,2,31,-1,-2,-1,-2,-1,0,15545,15547,12501,12207,13173,12028,15421,8607,9127,10166,7819,11707,reliable
50000,2,2,2,41,-1,0,0,0,-1,-1,17796,14654,16349,16093,13386,13909,11898,15019,12629,9251,13873,11500,reliable
300000,1,1,1,36,-1,-1,-2,0,-1,0,67313,74196,72420,69991,59198,64831,54473,50257,42281,43557,45540,55786,reliable
100000,1,2,2,43,-1,0,-2,-1,-1,0,26491,27339,22490,25391,21048,25031,20768,13555,24939,19940,17931,26467,reliable
200000,2,2,3,40,0,0,0,0,-1,-1,28514,22676,25471,28530,29083,22031,21334,22659,20990,26335,19637,23962,reliable
50000,2,2,1,39,0,0,-1,-1,-1,0,12502,13122,14283,14965,12340,13874,8906,11624,9110,9891,11351,11179,reliable
100000,2,2,2,41,-2,0,0,-1,-1,-2,7069,6651,6840,6364,7823,7434,4711,5619,5073,7185,7303,4611,reliable
100000,1,2,1,40,-2,-2,-1,-1,0,-1,11624,11141,12350,11781,11527,12475,6989,10823,10441,8185,8461,7969,reliable
30000,2,3,1,37,0,0,0,1,0,0,13917,15277,16309,13862,15395,14551,5407,4415,2592,4789,5035,3335,stretched
50000,2,2,2,30,-2,-1,0,0,-1,0,3286,3903,3639,2752,3870,3793,3195,2216,2270,2407,2762,2798,reliable
50000,2,1,2,24,2,3,1,1,2,3,57577,44175,45708,45168,62105,61704,2818,427,2075,930,1818,1230,distressed
100000,2,1,1,64,0,-1,-1,-2,-2,-1,22310,24150,20779,21234,20572,17386,22093,13518,16092,15526,12379,16978,reliable
100000,2,2,1,36,0,0,1,-1,0,0,89415,76925,97187,79528,74552,79449,12574,35540,16570,22171,17218,33130,stretched
10000,2,2,2,40,2,1,1,1,3,1,8757,8238,7877,8345,11420,9960,322,242,473,129,220,459,distressed
80000,1,3,1,46,2,4,3,3,4,2,104833,82356,101783,90886,101154,91320,961,645,6960,3446,2561,2988,distressed
50000,1,2,2,36,2,0,0,0,1,1,22649,20179,22201,27433,28606,29035,4378,4347,10972,9463,7584,3996,stretched
30000,1,4,1,43,2,1,0,1,-1,-1,13789,14125,15068,11723,15291,13080,1822,1984,1868,2826,3256,4476,stretched
50000,2,1,1,40,0,2,0,1,1,-1,20762,19582,25680,25361,24823,23898,2863,2941,7511,7265,5038,5020,stretched
50000,1,2,1,38,0,0,0,2,0,2,34447,35701,28289,40333,40979,27805,5849,4358,13487,11451,4260,11856,stretched
50000,1,2,2,30,-1,0,-1,-1,-1,0,14637,17808,14450,12888,13789,12902,17431,14450,11662,8870,12380,13137,reliable
200000,1,1,1,25,-1,-1,-1,0,0,-1,88310,81279,80105,80711,78913,63850,71470,71016,64972,74822,55484,65797,reliable
300000,2,2,1,31,-2,-2,-2,0,0,-1,22245,25487,21802,24872,31564,26725,23679,14209,17590,30889,20135,19117,reliable
10000,1,2,2,44,1,1,2,1,1,1,9417,10246,8069,8148,10017,10155,749,189,78,353,240,666,distressed
100000,2,2,1,60,0,0,0,0,0,-1,6326,6160,4304,4282,5023,4793,5783,2859,3923,4128,3599,4164,reliable
200000,2,2,1,33,0,-1,0,0,0,-1,39844,45945,45736,38505,39443,44400,45681,41686,24107,28756,42563,36152,reliable
100000,1,1,2,25,0,0,-1,2,0,1,61834,62761,70958,60329,86527,85182,7197,24941,15243,26874,31183,16886,stretched
200000,1,2,1,46,0,0,-2,-1,0,-1,22926,26494,25740,29996,31324,24689,21494,15862,20568,28339,22649,20876,reliable
200000,2,2,2,36,0,-1,0,-1,-1,-2,54530,64955,47195,63727,52139,53581,52707,33327,62801,50293,53000,54463,reliable
50000,2,1,2,21,0,-1,0,-1,-1,-1,8584,8671,9971,8943,10920,8147,7206,6621,7255,8966,6981,6618,reliable
100000,2,1,2,29,-1,-1,0,-1,0,-1,6690,7457,7294,6421,5785,7542,4644,5541,6053,4381,4881,4726,reliable
100000,2,3,1,37,-2,-2,-1,-1,-1,0,20480,20073,23000,23773,22760,21094,16391,19730,17001,21047,19886,14477,reliable
50000,2,1,2,26,0,0,-1,-1,-1,-1,6349,7333,5577,7591,6616,8287,6428,3463,4836,4203,8130,5547,reliable
300000,1,1,2,21,-1,-1,0,0,-1,0,99950,89205,78617,95254,87799,76433,68239,67134,85170,61221,72642,75144,reliable
300000,1,1,3,40,0,-2,0,-1,0,0,15540,18861,19681,16398,18608,16891,15497,16999,16220,14557,14514,12917,reliable
100000,2,1,1,43,-1,0,-1,-1,-1,0,30474,27360,26461,31822,32086,27239,26005,18722,19982,26951,17510,21657,reliable
30000,2,1,1,33,-1,0,-1,0,1,2,13146,16661,16072,15320,11954,12472,4165,5206,3665,1257,1937,3637,stretched
200000,1,2,2,50,-2,0,-1,-1,0,0,23651,27147,31565,24005,27501,26782,18670,27855,20732,22391,25826,15166,reliable
80000,2,1,2,25,2,3,2,3,3,3,97573,72239,86479,93416,82853,78004,5691,975,3071,5789,5619,7653,distressed
50000,1,1,2,28,3,2,4,2,3,3,48085,47892,53490,43942,59024,50327,2135,300,600,2941,1231,826,distressed
200000,1,3,1,34,0,0,-1,0,-1,0,32334,26614,25215,32021,29276,28820,25408,15719,29942,25504,21442,22716,reliable
300000,2,3,2,31,0,0,0,0,-1,0,20566,16768,19692,15708,21680,22613,15687,19364,15099,16859,17171,19712,reliable
50000,2,2,2,29,-1,0,0,0,-1,-2,4747,3407,3877,3539,4109,3700,3342,3194,3394,2922,2258,4321,reliable
100000,2,2,1,37,0,-1,1,0,0,-1,80620,69349,78113,65311,67344,87687,15531,13552,16075,14553,27960,31332,stretched
30000,2,2,2,25,0,0,1,1,0,0,20228,22468,26472,22908,27320,20592,7068,10414,6068,8405,4488,6582,stretched
30000,1,1,2,21,0,0,-1,0,-1,1,26108,19155,18897,21432,18880,26472,4354,4915,3603,4432,10467,6438,stretched
200000,2,1,1,24,0,0,-2,-1,0,0,65859,74640,63709,70895,62589,68634,74348,39362,66896,39492,55703,51426,reliable
50000,1,3,1,43,0,0,0,0,2,1,24101,31420,29087,22679,31326,27536,6284,6374,7203,6669,7534,7547,stretched
200000,1,1,2,21,-1,-1,-1,0,0,0,61156,65516,69156,55355,75004,62918,46715,48666,39488,55143,52973,50969,reliable
50000,2,2,2,39,-1,1,0,0,0,0,22261,23290,23754,25358,22175,22074,4994,7164,7771,8711,3548,4850,stretched
300000,2,3,2,46,-1,-1,-2,0,-1,-1,46003,41900,33958,40055,48896,39634,32066,28850,36877,42412,37257,29699,reliable
150000,2,2,1,40,0,2,0,-1,0,-1,81540,79407,89689,100692,82590,101113,23849,25305,17232,9818,35954,22195,stretched
20000,2,4,1,44,1,2,1,3,1,2,24055,20208,20008,26485,23623,26212,178,1481,1102,1263,782,114,distressed
100000,2,3,2,25,0,-1,0,-1,-1,-1,6543,5843,7460,7741,7344,6012,5298,5221,6996,6073,4489,4144,reliable
50000,2,3,1,70,0,-1,0,0,0,0,32950,34470,35211,39936,42526,33743,8333,9787,8706,10685,4444,4952,stretched
300000,1,1,1,41,-1,0,0,-1,-1,-2,14304,16502,14601,13539,15033,16792,10690,12801,11737,11249,16593,13702,reliable
30000,2,3,1,39,1,-1,0,0,0,1,15111,14742,11386,13881,13205,14405,3578,1794,4053,1639,3967,2475,stretched
200000,2,1,1,29,-1,-1,-1,0,-2,0,48070,39175,37021,37525,53137,52748,36160,25169,30402,48804,45884,31063,reliable
50000,1,1,1,33,1,3,1,2,2,2,40735,42868,37103,40455,44330,43334,2480,2483,1324,1500,1722,1846,distressed
200000,2,3,2,31,0,0,0,0,-1,0,55357,55647,61414,46852,57747,57911,50233,60988,43024,46285,38672,46240,reliable
50000,2,1,2,28,1,1,1,1,2,1,37725,51070,53155,51596,42152,37811,1145,3584,2707,3260,1037,1664,distressed
100000,2,1,2,24,-1,-1,2,-1,-1,2,82784,71973,83218,87348,64590,82192,13843,16348,19551,23195,8763,19055,stretched
100000,2,2,1,39,-1,0,-1,-1,0,-2,28525,32637,29689,29721,31793,29664,26158,22442,23814,25720,22080,22228,reliable
150000,2,2,1,40,0,-1,-1,1,-1,0,81147,73216,79617,81469,84448,59230,24877,24891,13207,32049,13105,29723,stretched
50000,2,1,2,53,2,0,-1,1,1,0,27015,23555,30978,30073,24057,26589,5893,12020,6562,6463,10067,4021,stretched
50000,1,1,2,45,2,3,3,3,2,3,48106,56122,43291,46666,62287,58186,1036,386,3543,559,1197,703,distressed
200000,2,1,1,27,0,-1,0,0,0,0,58760,59685,63053,61049,62887,48331,51990,56420,43954,59732,34889,40987,reliable
300000,1,2,2,33,-1,-2,0,-1,-2,0,67304,57582,46132,51548,59798,49194,48002,34352,41947,35924,46211,50126,reliable
300000,1,1,2,35,-2,-2,0,-1,0,-1,89356,81851,81298,85542,69159,77536,81455,70313,65660,47647,69634,62917,reliable
150000,2,1,2,35,0,0,-1,0,2,-1,128166,108213,132033,115454,100978,113447,40220,29488,41494,25507,28940,13017,stretched
200000,1,2,2,39,-1,-1,0,0,-2,0,30046,30796,34749,29093,31843,34233,22448,34037,28856,20630,25248,20527,reliable
100000,1,2,2,53,-1,-2,0,-1,-2,0,30237,33641,24067,27357,34761,25409,21898,21458,24922,30204,23134,26533,reliable
100000,1,2,1,35,-2,-2,-1,0,-2,0,21135,18272,18489,25368,22616,19528,13583,12316,16366,16069,16009,14456,reliable
50000,1,1,1,48,-1,-1,-1,0,-1,-1,2083,2256,2113,2601,2096,2880,1798,1883,2342,1682,2794,2075,reliable
200000,2,2,2,54,-2,-1,-1,-1,-1,-1,37275,35329,26883,35603,29047,36466,29215,20447,31246,27381,33239,30497,reliable
150000,2,1,1,39,1,0,0,-1,2,0,60706,71286,64146,64759,74827,79817,19213,7936,8475,29224,24246,19774,stretched
100000,2,1,1,33,0,-1,0,1,0,-1,64879,76073,77330,67709,81970,83905,27122,15407,21890,21955,23308,15780,stretched
50000,2,2,2,35,0,0,0,-1,0,-2,21218,20795,22042,19052,21823,21722,15083,20838,17470,19866,20821,15991,reliable
300000,2,2,2,50,0,0,-1,-2,-2,-1,61318,75335,70117,61066,77685,80123,50450,61547,41013,50880,52797,51485,reliable
20000,2,2,2,21,1,3,2,1,3,1,19932,20448,15583,15262,15311,16511,1396,743,82,579,119,648,distressed
300000,2,2,2,55,-1,-2,-1,-1,-1,-1,76014,87171,95260,102799,92194,70858,69726,62984,63644,77388,64535,46705,reliable
300000,2,2,1,40,-1,0,0,-1,0,-2,40406,38768,32649,41049,31179,33517,35876,25373,28482,23304,26823,34275,reliable
50000,1,2,2,34,-2,0,0,0,-2,0,10082,11221,12095,9715,9595,10656,7995,7941,9566,8864,10479,6928,reliable
50000,1,2,2,42,-1,0,0,2,0,1,25976,27628,30108,28044,35749,29790,5847,9091,8278,3601,8506,4497,stretched
300000,2,1,2,37,-1,0,-1,-2,-1,-1,83809,93654,84691,82795,118951,110719,79610,68854,68539,101760,103039,70295,reliable
50000,2,1,1,42,1,0,2,1,0,0,46514,40412,48758,43335,47130,36837,9969,5310,4449,14687,4991,12296,stretched
100000,1,3,2,24,2,0,0,-1,-1,-1,70692,91854,89270,76284,83568,77466,30154,31074,8160,10341,15566,26530,stretched
200000,2,2,3,38,0,0,0,-1,0,-1,37064,32803,29362,32195,34240,42536,24838,18665,26801,33139,38907,34636,reliable
20000,1,2,1,21,3,1,3,1,1,1,19223,19810,17378,16409,17190,19724,1073,1031,166,1126,1086,47,distressed
100000,1,2,2,23,1,1,0,0,1,0,77718,74576,81887,78176,65564,68367,12436,22927,18644,14180,18253,30390,stretched
100000,1,3,2,33,0,-1,0,-2,0,-1,37315,39412,39047,38402,44903,34009,32596,33090,36117,37884,33465,35407,reliable
50000,2,2,1,24,-1,-1,0,-1,0,-1,3183,2948,3101,2735,2534,2876,2882,2143,2380,1571,2552,2213,reliable
200000,1,2,1,38,0,0,-1,-1,0,-2,15636,16880,16304,20093,18781,18077,13445,12373,16976,12205,12021,11277,reliable
100000,2,1,2,46,-1,-1,-1,0,-1,-1,8157,10138,9356,10142,9330,8861,9141,8080,7968,6690,7160,5738,reliable
100000,2,2,1,21,-1,-1,0,-2,0,0,6849,6325,5821,5409,6612,7095,4758,3807,3482,3984,6368,6798,reliable
10000,2,1,1,56,2,3,3,3,4,3,10265,8872,11993,11153,12494,9087,217,346,610,787,699,243,distressed
100000,2,3,1,26,-1,0,0,0,-2,0,30488,31865,36789,37782,38427,30048,25992,35318,28593,29664,29866,19671,reliable
200000,1,3,2,31,-2,-1,0,0,-2,-1,78123,77513,60947,85118,60988,68949,75214,59722,84842,48215,46263,62122,reliable
100000,2,1,2,34,0,-1,2,1,0,1,52299,47276,37340,49696,42216,40014,12812,3884,11908,14908,15142,10604,stretched
100000,1,2,2,21,-1,-1,-1,-1,-2,-2,9145,7617,7127,8937,8242,8443,6156,4446,5546,6927,7173,5660,reliable
50000,2,2,2,40,4,2,2,3,2,3,45771,44845,41758,49307,46957,35199,2786,1694,1369,2731,1932,1137,distressed
100000,1,1,1,27,0,0,2,0,0,1,67277,80348,83750,82218,82390,85889,10064,25892,32115,22418,14188,26886,stretched
200000,2,2,2,42,0,0,-1,-2,0,0,60242,54142,70726,76519,68665,59475,48541,61377,63206,64911,54342,52241,reliable
200000,2,2,1,29,0,0,-1,-1,-1,-1,31403,41399,39977,35796,33568,38253,33578,39591,22267,20601,31652,21395,reliable
20000,2,1,1,39,1,1,2,1,2,1,21879,19515,23581,21555,18643,21943,1481,1331,515,1060,496,950,distressed
100000,2,1,2,23,-1,-1,0,2,0,1,40730,40257,47792,54934,53158,37417,7332,7034,21573,9073,6001,11659,stretched
50000,2,2,1,33,2,1,1,1,2,2,62395,49596,63086,55500,57818,47375,2552,2579,4246,4185,1503,4726,distressed
100000,2,1,2,33,-1,-1,-2,0,0,-2,30773,30711,25757,30106,30645,30002,20713,22904,18946,25634,23237,21545,reliable
10000,2,1,2,30,2,2,2,1,1,1,8167,10077,9824,8155,11025,8858,437,502,628,436,650,232,distressed
100000,2,2,2,30,-1,-1,0,0,0,0,60880,71569,72213,67571,57473,78117,9627,20852,8847,8266,8293,12724,stretched
200000,1,1,2,28,0,-1,-1,0,-2,0,16108,12975,16243,14795,16633,12558,10666,10687,12915,10778,7904,14260,reliable
300000,1,3,2,32,0,-1,0,0,0,-1,29408,26622,25168,25082,22020,23681,23716,20547,20360,14932,20748,22256,reliable
50000,2,2,2,21,0,0,0,-1,0,1,24002,24728,30988,32530,25885,32626,9518,10008,10911,8030,5462,4999,stretched
50000,2,1,2,24,0,-1,-2,0,-1,-1,12104,14364,11316,15264,11078,15099,11479,8730,12215,7534,11824,11376,reliable
100000,1,2,2,41,-1,-1,-2,0,-1,-2,16146,11824,15610,16892,17063,16653,11213,11107,16667,16571,13551,12284,reliable
150000,1,1,1,58,2,0,0,-1,1,2,68989,69141,50598,51973,59112,52781,22177,5941,13768,12699,12640,15690,stretched
200000,2,2,2,24,-1,-1,0,0,-1,-1,59509,50857,60488,59198,42343,52625,35897,38379,55556,25540,46945,59228,reliable
300000,2,2,2,43,-2,0,0,-1,-2,0,103849,99113,123583,96598,104050,125132,85614,99382,72787,86411,107282,95686,reliable
200000,1,2,2,27,-1,0,-2,-2,0,0,63084,51887,56090,72028,50918,68384,37191,43809,58516,35644,58864,55348,reliable
100000,1,1,1,21,-2,-1,-2,-1,-2,0,29233,33733,35664,29805,33735,35364,23133,26756,20462,32425,24568,18953,reliable
10000,1,1,1,34,4,4,4,4,4,3,9395,12116,11363,8687,10309,11691,301,347,438,46,904,131,distressed
100000,2,3,2,46,0,-1,0,0,0,1,46956,66760,57276,56333,57712,64113,11172,17926,17645,20480,6578,7096,stretched
100000,1,2,1,30,-2,-1,-2,0,-1,0,17737,15184,16810,20122,17603,16095,9753,10725,17378,14875,12995,14192,reliable
80000,1,3,2,30,2,1,1,2,1,1,92432,78275,76628,82030,98408,99576,1098,2167,1559,966,5150,2558,distressed
80000,2,2,2,41,3,3,2,1,2,2,74524,65425,72659,68296,71927,69258,4820,1311,1104,4100,2778,3572,distressed
300000,2,1,2,34,-2,0,-1,-1,0,-1,38656,38301,42601,40085,35020,48033,26116,34662,33588,21583,30659,38218,reliable
150000,2,1,3,27,0,0,0,1,-1,0,72008,87681,85738,91980,70632,88280,23842,16513,10176,24416,15213,20848,stretched
50000,1,2,1,43,0,-2,-2,-1,-2,0,10335,9039,12554,8501,8478,10010,7666,8435,6914,7538,6383,10271,reliable
20000,1,1,1,38,2,1,2,1,1,1,21058,23895,22870,22726,18893,18855,558,634,672,212,537,753,distressed
30000,2,1,2,40,0,0,2,0,-1,2,13893,15430,19189,14047,14935,17551,3900,2172,2086,5684,2298,4036,stretched
30000,2,2,2,21,0,0,0,2,1,-1,25307,24604,26270,26028,20152,28639,9413,9693,7462,5176,7471,2644,stretched
50000,2,3,1,31,-1,-2,-1,0,-1,0,3129,2806,3302,2527,2342,2777,2510,3265,2409,1859,2569,1965,reliable
50000,1,2,2,28,1,1,1,1,1,2,54258,46152,57675,57583,53375,47222,488,4417,3021,3455,2633,3600,distressed
100000,1,2,1,48,0,-2,-1,0,-1,-1,7446,5363,5597,7458,6947,7362,4948,4817,5324,5077,7207,7031,reliable
200000,2,3,2,44,0,0,-1,-2,-2,0,26435,28354,26646,27108,27577,29342,17137,26115,17607,20773,27928,16988,reliable
200000,2,2,1,41,-2,-1,-1,-1,-2,0,19790,22951,15782,16156,18992,21027,18141,15135,9978,13979,15571,14566,reliable
50000,2,3,2,45,-1,-1,-1,0,0,0,45663,46736,34682,40450,37448,46648,7330,5757,12378,4744,14914,8239,stretched
200000,2,2,2,33,-1,-1,-1,-2,-1,-2,64752,70436,75529,61134,89265,64149,61490,64316,56465,76817,58232,49762,reliable
10000,2,1,1,49,2,3,3,2,2,3,10792,10226,10750,7982,8219,10770,657,617,423,465,637,625,distressed
50000,1,1,2,27,2,2,0,0,0,1,33814,42406,32729,35470,36095,34569,4283,5585,7140,7006,11604,3862,stretched
50000,2,2,1,26,-2,0,-1,-2,0,0,10582,10301,10772,7504,8146,8355,7929,8502,5377,7463,5759,9297,reliable
100000,1,2,2,39,-1,0,-1,-1,0,-1,33692,40840,30394,30195,39940,39959,32656,19766,21803,36012,37497,24900,reliable
100000,2,2,2,36,-1,-1,-1,-2,-1,-1,26258,22228,28303,22323,21218,26055,18427,28292,19754,19933,19243,21100,reliable
150000,2,1,2,36,1,0,0,0,1,0,98255,81223,96779,86929,68289,74450,30815,27219,32934,13182,23449,32582,stretched
50000,1,2,1,46,2,0,-1,-1,0,1,35767,32234,34955,32412,34682,34875,10084,12129,8499,5479,10598,4404,stretched
100000,1,1,2,44,-1,-1,0,-1,-2,-1,32996,29003,32433,25915,34492,33624,17655,30059,23463,24948,28720,27736,reliable
100000,1,2,1,28,0,-1,-1,1,-1,-1,89254,65638,76404,78806,67379,67105,21963,23040,23181,12135,16913,9543,stretched
300000,2,1,2,39,-1,-1,-1,0,0,-1,53884,62274,59159,50252,66277,57735,52580,35589,42742,47265,46058,38747,reliable
100000,2,3,2,36,1,0,1,0,-1,0,65142,63991,71115,77396,90510,87221,10193,15050,25856,23363,13288,14254,stretched
10000,2,2,1,33,1,1,1,1,2,1,7953,9154,9844,10085,8529,7352,354,342,159,611,573,33,distressed
100000,2,2,2,22,-1,-1,1,0,1,-1,50368,60648,50135,59627,58977,48191,18728,14948,19758,12372,5574,7621,stretched
30000,2,1,2,46,-1,0,1,-1,0,0,21202,20128,25907,25332,28822,28377,6538,2740,6184,10630,6529,8240,stretched
50000,2,1,2,39,1,2,0,-1,1,1,37727,44293,43821,37052,32361,41538,7660,15462,10232,7062,11087,9803,stretched
100000,2,2,2,42,-1,-2,0,-1,-1,-1,26017,20299,24345,22508,20136,26220,14816,23706,18627,16226,20172,19780,reliable
100000,2,1,2,21,0,0,0,-1,-2,-1,21568,20964,23883,17188,20681,16580,19353,20218,13258,19045,12966,14906,reliable
300000,2,3,2,43,0,-1,-2,0,0,-1,126940,101099,100641,132072,98232,118513,75956,72542,115028,96643,107972,100849,reliable
300000,2,1,2,25,-1,-1,0,-1,0,-2,55368,48784,48816,38372,54980,53569,39960,35331,33738,51316,48986,54860,reliable
100000,1,1,1,25,0,1,2,0,0,1,56185,57465,51148,51607,44401,56268,22854,17052,8615,12740,10606,6127,stretched
50000,2,1,1,33,-1,0,0,1,1,1,21547,22174,25122,24973,25275,23940,5747,8752,9040,6171,9473,7810,stretched
80000,1,2,2,37,2,2,1,1,2,1,72596,59316,69650,81054,69351,71941,3215,4627,2821,2760,1013,3570,distressed
200000,1,2,2,35,0,0,-2,0,0,-1,26118,26222,23785,22841,24285,25330,21180,14607,20186,24135,17813,20513,reliable
30000,2,1,2,21,1,0,0,0,0,1,21218,18144,16159,17307,16950,20062,2788,4742,4150,5965,4925,8040,stretched
50000,1,4,2,26,-2,-2,-1,0,0,-1,2840,2989,3190,2652,2881,3560,2363,2864,2105,2264,3022,1999,reliable
300000,1,1,1,30,-1,-1,-1,0,-2,-2,100221,119484,101932,107684,137271,133916,76556,71334,90218,85731,109816,83564,reliable
100000,2,1,1,41,0,-1,0,1,-1,1,65866,68485,85997,61194,63486,70666,12644,25344,18798,16374,20024,15151,stretched
50000,2,3,1,34,2,2,2,1,1,1,56470,48090,60112,47451,62266,57999,211,3844,1922,2255,1951,2741,distressed
50000,2,2,1,49,0,1,-1,1,1,1,34181,32815,37835,33700,30217,30489,10124,14829,7967,4355,10532,6099,stretched
100000,1,1,1,29,-1,-1,-1,-2,0,-2,13152,14868,12403,10749,11955,11696,14095,9743,9388,11774,8417,11896,reliable
150000,2,2,1,28,-1,0,2,1,0,0,134318,124286,119040,121839,121620,134435,48384,27143,34739,41453,13485,34668,stretched
200000,2,3,2,41,-1,-1,0,-1,0,0,60878,58052,51607,67677,63603,57757,56166,44582,65761,50231,45157,59350,reliable
80000,2,2,2,36,4,4,3,3,3,3,107497,93179,90875,108954,80893,79776,7180,5010,4675,855,3276,8120,distressed
50000,2,2,2,26,-1,1,1,0,1,0,26771,30529,31093,28194,27401,25941,4331,9746,4694,3710,10368,4765,stretched
50000,1,3,2,35,-1,-2,0,-1,0,0,13511,19060,19651,18152,14033,18584,16372,14454,17310,11594,17491,11728,reliable
300000,2,2,2,47,0,-1,0,-1,0,0,85755,103862,77263,108084,95358,112304,78011,54491,107870,77457,106158,82704,reliable
300000,2,2,1,32,-1,-1,0,-1,-1,-1,58879,55989,53007,58759,71357,60098,40699,47476,40322,50129,58557,37249,reliable
80000,2,1,3,29,2,2,3,2,2,3,77066,104531,84704,107611,84270,75813,4349,1544,6482,4431,4163,1193,distressed
200000,2,1,2,46,-1,-1,-1,-1,-2,-1,28508,25278,21748,29977,21842,28446,16751,16812,28287,13930,24659,24091,reliable
50000,1,2,1,33,-1,2,1,2,1,2,27038,29500,30497,33318,36212,31838,8936,3756,12872,7046,6568,4511,stretched
100000,1,1,2,44,-1,2,1,-1,0,-1,53444,57294,56446,66903,49877,52743,17467,7735,7660,6622,16203,7578,stretched
50000,2,2,2,43,-1,-1,-2,0,0,-2,8062,7776,7118,5525,7930,7502,7116,4475,4881,7310,7372,6709,reliable
200000,1,1,2,55,0,-1,-2,-1,-1,0,44489,37855,33603,35616,36440,32039,32719,28121,30597,30767,19437,29798,reliable
80000,1,2,1,42,2,2,4,4,2,4,70741,75004,62527,56235,58297,56556,5324,1884,2354,3585,1681,3673,distressed
100000,2,3,2,51,-1,-1,-1,-1,0,-1,8576,5885,8095,7850,7424,6986,5313,7253,5141,6808,4411,6863,reliable
200000,2,2,1,27,-1,-1,0,-1,-2,-1,23751,19684,21401,22595,23880,21786,16225,20360,18471,17068,13612,15549,reliable
150000,2,2,1,42,0,1,1,1,1,0,66007,63236,57350,71404,68591,56949,22691,10633,27734,26028,13111,11127,stretched
30000,1,1,1,50,-1,0,0,0,0,0,22410,22197,21369,20818,19334,16950,8049,2206,3502,4275,4676,6012,stretched
50000,2,2,1,44,2,2,2,2,2,2,39899,45888,34845,48239,50486,44449,3511,1151,1602,429,126,780,distressed
100000,1,1,2,43,0,-1,0,0,-1,0,25260,18993,22391,27391,18959,22327,11703,14748,21502,12570,18029,24479,reliable
200000,1,2,2,28,-1,-2,0,-1,-1,-1,60992,47066,52777,46158,64182,44724,29472,50627,33248,53836,31977,52423,reliable
100000,2,2,1,35,-1,-1,-2,0,-1,0,28737,33982,31718,33596,32151,25431,33682,29010,27854,21416,17015,24304,reliable
100000,1,3,1,32,0,0,-1,-1,-1,-1,34590,31345,35173,36755,34002,26305,26969,22798,23188,29825,24567,22952,reliable
100000,1,1,2,32,-1,-2,0,-2,-1,-1,32242,31583,31500,28483,31684,28136,28910,22125,24953,25895,26307,31731,reliable
300000,1,1,2,32,0,0,0,-2,0,-1,76512,96025,91369,81276,78794,94094,86694,69404,59864,48502,59532,47557,reliable
300000,1,2,2,26,0,0,-1,-1,-2,0,132331,102947,126155,96995,93429,93495,68779,110761,72293,56653,93047,107632,reliable
200000,2,1,2,46,-2,0,0,0,-1,-2,28540,37665,32474,26677,28467,29569,37455,25078,18462,23568,22529,17751,reliable
50000,2,1,1,31,-2,0,-1,-2,0,-1,12825,13655,15220,13182,16993,17100,12793,9434,10165,15952,12744,11265,reliable
30000,2,3,3,23,2,1,-1,0,0,0,17476,16051,15304,16814,15014,14410,2517,2235,3860,3555,4611,4065,stretched
100000,2,2,1,35,0,1,-1,1,-1,0,68833,58116,59348,71375,74030,69152,9596,7940,11617,16792,11826,25490,stretched
200000,1,1,1,52,0,-1,-1,0,0,-1,69694,66859,83955,76151,66563,63760,42232,67928,52724,60640,60126,45854,reliable
100000,2,1,1,21,-1,-1,-1,-1,-1,0,36422,41931,42038,39466,34983,33617,33327,33814,35888,30923,32434,35997,reliable
50000,1,2,2,26,0,-1,0,-1,0,-1,9992,10132,10133,8750,10277,9230,8734,6670,8729,9340,7078,7200,reliable
100000,1,2,2,27,0,-1,-1,-1,0,0,4595,4762,6108,5199,4903,4986,3718,5785,5121,4597,4670,3123,reliable
300000,2,1,1,23,0,0,-1,0,-1,0,79767,79574,67605,78683,62412,70813,51508,52104,63587,39442,55591,68653,reliable
50000,2,3,2,23,-1,0,-1,-1,0,-1,12535,11158,9897,9922,11864,13019,9820,6655,9358,8908,12833,8113,reliable
50000,1,1,2,39,-1,-2,-2,0,-2,-1,11298,8909,8378,8991,10739,11131,5753,7110,7435,9316,9666,11115,reliable
50000,2,2,2,36,-2,0,-1,0,-1,0,2407,2574,2715,2536,2869,2411,1571,1631,1872,2136,2361,1487,reliable
300000,2,2,2,35,-1,0,0,-1,0,0,85592,70220,86136,88324,80335,75525,46810,61672,79980,61357,66544,76694,reliable
50000,1,1,1,29,-1,-1,-1,0,-1,0,16049,13581,12427,14893,16920,14115,12410,10711,13079,12086,11123,10796,reliable
100000,1,2,2,21,-1,-1,-1,0,-1,0,21951,31726,31116,28697,27602,26711,25155,28244,23108,18505,16648,14279,reliable
150000,1,2,1,29,0,0,1,0,2,0,130754,110281,120243,109601,129778,101228,18197,13420,30982,39785,10225,33112,stretched
150000,1,3,1,44,0,0,0,1,0,1,103456,73224,97141,69890,86391,74818,20478,32975,7682,12884,15172,18285,stretched
30000,2,2,1,22,0,1,1,1,1,0,23369,23028,23583,18325,24111,22746,7794,7081,7238,5605,7335,7236,stretched
100000,2,1,1,32,-1,0,-1,-2,0,0,10435,11431,10465,11465,11874,9341,10166,8539,8966,8264,6523,7033,reliable
150000,1,2,1,40,0,-1,0,-1,0,0,94536,122864,98070,110562,96748,122325,21351,17257,14679,30590,23089,24152,stretched
200000,2,2,1,39,-2,-1,0,0,-1,-1,72517,64342,70619,63265,62768,66280,41393,47700,61697,54402,64188,50961,reliable
300000,2,3,2,50,-1,-1,-1,-2,0,0,103565,107400,106476,138479,131609,117020,105485,66134,132589,82147,88520,64376,reliable
30000,2,1,2,27,-1,-1,1,0,0,0,23984,22704,24320,21252,25424,26823,3316,4755,7658,6398,6962,7596,stretched
200000,2,1,1,37,0,-2,0,0,-1,-1,38792,37872,44205,52978,46361,42744,36489,33395,42576,29977,38254,34142,reliable
200000,2,1,1,40,-1,-1,-1,-1,-1,-1,13314,15596,12654,15571,11072,12459,14984,12030,11358,9649,11892,12072,reliable
